_app	404	repo
_document	404	repo
/	200	repo
404	404	repo
500	500	repo
about	200	repo
api/subscribe	405	repo
arts-culture-milwaukee	200	repo
bay-view-milwaukee	200	repo
beer-lovers-milwaukee	200	repo
best-bakeries-milwaukee	200	repo
best-bbq-milwaukee	200	LIVE-ONLY (no source)
best-breakfast-milwaukee	200	LIVE-ONLY (no source)
best-brunch-milwaukee	200	repo
best-burgers-milwaukee	200	repo
best-chinese-milwaukee	200	LIVE-ONLY (no source)
best-cocktail-bars-milwaukee	200	repo
best-dive-bars-milwaukee	200	repo
best-fish-fry-milwaukee	200	repo
best-happy-hour-milwaukee	200	repo
best-ice-cream-milwaukee	200	repo
best-indian-milwaukee	200	LIVE-ONLY (no source)
best-mexican-milwaukee	200	repo
best-patios-milwaukee	200	repo
best-pizza-milwaukee	200	repo
best-ramen-milwaukee	200	LIVE-ONLY (no source)
best-restaurants-milwaukee	200	repo
best-steakhouses-milwaukee	200	LIVE-ONLY (no source)
best-sushi-milwaukee	200	repo
best-tacos-milwaukee	200	repo
best-thai-milwaukee	200	repo
best-vietnamese-milwaukee	200	LIVE-ONLY (no source)
best-wings-milwaukee	404	LIVE-ONLY (no source)
brady-street-milwaukee	200	repo
bronzeville-milwaukee	200	repo
cheap-eats-milwaukee	200	LIVE-ONLY (no source)
day-trips-milwaukee	200	repo
dog-friendly-milwaukee	200	repo
downtown-milwaukee	200	repo
east-side-milwaukee	200	repo
events	200	repo
explore	200	repo
family-weekend-milwaukee	200	repo
first-time-milwaukee	200	repo
food-trucks-milwaukee	200	repo
foodie-weekend-milwaukee	200	repo
free-things-milwaukee	200	repo
harbor-district-milwaukee	200	repo
hidden-gems-milwaukee	200	repo
late-night-food-milwaukee	200	LIVE-ONLY (no source)
live-music-milwaukee	200	repo
milwaukee-bars	200	repo
milwaukee-breweries	200	repo
milwaukee-coffee-shops	200	repo
milwaukee-comedy-clubs	200	LIVE-ONLY (no source)
milwaukee-date-ideas	200	repo
milwaukee-farmers-markets	200	LIVE-ONLY (no source)
milwaukee-festivals	200	repo
milwaukee-hiking-trails	200	LIVE-ONLY (no source)
milwaukee-karaoke-bars	200	LIVE-ONLY (no source)
milwaukee-museums	200	LIVE-ONLY (no source)
milwaukee-nightlife	200	repo
milwaukee-shopping	200	LIVE-ONLY (no source)
milwaukee-speakeasies	200	LIVE-ONLY (no source)
milwaukee-sports-bars	200	LIVE-ONLY (no source)
milwaukee-waterfront	200	LIVE-ONLY (no source)
new-restaurants-milwaukee	200	repo
newsletter	200	repo
outdoor-weekend-milwaukee	200	repo
packers-bars-milwaukee	200	repo
partner	200	repo
privacy	200	repo
rainy-day-milwaukee	200	repo
riverwest-milwaukee	200	repo
romantic-weekend-milwaukee	200	repo
rooftop-bars-milwaukee	200	repo
sherman-park-milwaukee	200	repo
south-side-milwaukee	200	repo
terms	200	repo
things-to-do-milwaukee	200	repo
things-to-do-with-kids-milwaukee	200	LIVE-ONLY (no source)
third-ward-milwaukee	200	repo
this-weekend-milwaukee	200	repo
walkers-point-milwaukee	200	repo
washington-heights-milwaukee	200	repo
weekend-in-milwaukee	200	repo
